timestamp,price,quantity
1772202600,6847.89013671875,0
1772202660,6845.08984375,20098401
1772202720,6852.89013671875,20324687
1772202780,6855.39013671875,18469327
1772202840,6852.52001953125,14579222
1772202900,6849.919921875,18422084
1772202960,6848.7998046875,15018027
1772203020,6844.81005859375,13760467
1772203080,6850.830078125,13757453
1772203140,6856.5,13187989
1772203200,6849.419921875,15058290
1772203260,6846.52001953125,11001841
1772203320,6838.58984375,12859674
1772203380,6833.3701171875,11421825
1772203440,6841.759765625,12166631
1772203500,6842.16015625,12823973
1772203560,6848.77001953125,12267015
1772203620,6842.4501953125,10681870
1772203680,6850.669921875,11500453
1772203740,6850.41015625,11171081
1772203800,6845.31005859375,11627868
1772203860,6849.31982421875,10094272
1772203920,6846.10009765625,9855719
1772203980,6846.25,10300163
1772204040,6845.75,9699778
1772204100,6843.39013671875,10600736
1772204160,6843.06005859375,11707544
1772204220,6843.18994140625,9664844
1772204280,6844.85986328125,9226621
1772204340,6844.68994140625,8422139
1772204400,6845.18017578125,12861096
1772204460,6852.56005859375,11657959
1772204520,6857.39013671875,10115083
1772204580,6854.27978515625,9059241
1772204640,6854.330078125,8952173
1772204700,6858.52978515625,10295820
1772204760,6859.39013671875,10806766
1772204820,6863.56982421875,9210415
1772204880,6867.68017578125,10278551
1772204940,6863.490234375,9235719
1772205000,6865.97998046875,9298301
1772205060,6870.240234375,12952655
1772205120,6867.490234375,10711713
1772205180,6864.66015625,10283944
1772205240,6861.22021484375,9026498
1772205300,6861.240234375,9329514
1772205360,6858.02978515625,10051449
1772205420,6857.580078125,10223527
1772205480,6853.0400390625,9587645
1772205540,6857.080078125,8691518
1772205600,6860.7099609375,9886110
1772205660,6859.81982421875,7492206
1772205720,6857.85009765625,10088370
1772205780,6860.68017578125,7439443
1772205840,6863.56982421875,6998971
1772205900,6859.14990234375,7169238
1772205960,6858.0498046875,6820527
1772206020,6860.259765625,7287210
1772206080,6863.06005859375,7964194
1772206140,6860.990234375,6610079
1772206200,6861.06982421875,8181904
1772206260,6858.58984375,7774258
1772206320,6853.60986328125,8047971
1772206380,6860.66015625,7305569
1772206440,6860.39990234375,7901561
1772206500,6862.27978515625,7672975
1772206560,6865.669921875,7168335
1772206620,6866.990234375,7393406
1772206680,6868.27001953125,6948407
1772206740,6865.7099609375,7093901
1772206800,6865.89990234375,7062983
1772206860,6866.43017578125,6618110
1772206920,6869.43994140625,6733193
1772206980,6871.1298828125,6781969
1772207040,6872.18017578125,7285627
1772207100,6873.75,6795337
1772207160,6871.77978515625,6897247
1772207220,6870.10009765625,5929721
1772207280,6868.27001953125,6279154
1772207340,6866.31005859375,6315119
1772207400,6865.009765625,6887737
1772207460,6860.85009765625,6880585
1772207520,6862.0,6132738
1772207580,6860.080078125,5579211
1772207640,6860.58984375,6413730
1772207700,6861.2001953125,6377029
1772207760,6865.0,6387426
1772207820,6868.740234375,6620433
1772207880,6866.47998046875,6160653
1772207940,6867.830078125,5611972
1772208000,6867.669921875,6181689
1772208060,6869.22021484375,6436126
1772208120,6871.509765625,6354180
1772208180,6872.5400390625,5996679
1772208240,6872.25,7001000
1772208300,6872.47021484375,6126000
1772208360,6869.72998046875,6250000
1772208420,6868.85009765625,6099000
1772208480,6866.89013671875,5279000
1772208540,6863.14013671875,6565000
1772208600,6864.2900390625,5790000
1772208660,6865.3701171875,8361000
1772208720,6864.10009765625,5530000
1772208780,6870.77978515625,6338000
1772208840,6870.7900390625,5623000
1772208900,6871.56005859375,6406000
1772208960,6869.6201171875,5508000
1772209020,6874.85009765625,6781000
1772209080,6874.81005859375,5947000
1772209140,6871.77001953125,5929000
1772209200,6868.7998046875,7268000
1772209260,6868.7001953125,6287000
1772209320,6870.97021484375,6900000
1772209380,6870.27001953125,6181000
1772209440,6873.56005859375,5972000
1772209500,6874.10009765625,6600000
1772209560,6873.39013671875,6126000
1772209620,6870.0,6945000
1772209680,6871.47998046875,6434000
1772209740,6868.8701171875,6669000
1772209800,6872.64990234375,7004000
1772209860,6874.18994140625,5749000
1772209920,6875.89990234375,6350000
1772209980,6875.77001953125,6157000
1772210040,6876.81005859375,5425000
1772210100,6874.490234375,6057000
1772210160,6872.7001953125,5587000
1772210220,6871.56982421875,5823000
1772210280,6871.580078125,5359000
1772210340,6870.2099609375,5068000
1772210400,6866.830078125,7346000
1772210460,6867.0400390625,5588000
1772210520,6864.85009765625,5645000
1772210580,6864.66015625,5484000
1772210640,6862.509765625,5541000
1772210700,6864.240234375,5617000
1772210760,6864.41015625,5822000
1772210820,6862.91015625,5585000
1772210880,6861.89990234375,5677000
1772210940,6861.52978515625,5813000
1772211000,6865.06982421875,6088000
1772211060,6870.81005859375,6648000
1772211120,6870.97021484375,5352000
1772211180,6869.27001953125,5764000
1772211240,6871.1298828125,5153000
1772211300,6871.31982421875,5756000
1772211360,6870.81982421875,5557000
1772211420,6870.5400390625,4414000
1772211480,6867.2001953125,6017000
1772211540,6863.89990234375,6586000
1772211600,6869.10009765625,6026000
1772211660,6869.56982421875,4390000
1772211720,6870.080078125,4539000
1772211780,6872.35986328125,5393000
1772211840,6871.47021484375,4598000
1772211900,6872.7900390625,4884000
1772211960,6872.77978515625,4601000
1772212020,6875.72998046875,4876000
1772212080,6877.240234375,5322000
1772212140,6876.56005859375,4387000
1772212200,6871.39990234375,4894000
1772212260,6868.419921875,5500000
1772212320,6867.64990234375,5127000
1772212380,6865.509765625,5997000
1772212440,6863.91015625,5514000
1772212500,6862.9501953125,4646000
1772212560,6860.9599609375,4916000
1772212620,6859.85009765625,4712000
1772212680,6858.080078125,5135000
1772212740,6857.25,5196000
1772212800,6855.64990234375,5627000
1772212860,6854.43994140625,5788000
1772212920,6848.7998046875,6417000
1772212980,6853.1201171875,6477000
1772213040,6855.27001953125,6431000
1772213100,6855.77978515625,6518000
1772213160,6858.5,6839000
1772213220,6857.56005859375,5884000
1772213280,6858.740234375,5333000
1772213340,6856.2900390625,5167000
1772213400,6858.39013671875,8674000
1772213460,6856.43017578125,7737000
1772213520,6860.47021484375,6653000
1772213580,6861.93994140625,6104000
1772213640,6864.080078125,6115000
1772213700,6863.52001953125,5280000
1772213760,6862.990234375,6484000
1772213820,6862.0498046875,5294000
1772213880,6860.41015625,4808000
1772213940,6858.740234375,5579000
1772214000,6857.14013671875,4990000
1772214060,6855.41015625,5858000
1772214120,6852.39990234375,4928000
1772214180,6854.6201171875,6267000
1772214240,6855.02001953125,5227000
1772214300,6852.990234375,5370000
1772214360,6852.6201171875,5155000
1772214420,6852.6201171875,4963000
1772214480,6851.1298828125,4704000
1772214540,6854.10009765625,5043000
1772214600,6853.33984375,4639000
1772214660,6852.6298828125,4519000
1772214720,6853.14990234375,4685000
1772214780,6856.259765625,5551000
1772214840,6855.41015625,4614000
1772214900,6857.68994140625,4888000
1772214960,6858.02001953125,3952000
1772215020,6858.02978515625,3792000
1772215080,6858.990234375,4860000
1772215140,6859.06982421875,4762000
1772215200,6859.580078125,5528000
1772215260,6856.9599609375,5349000
1772215320,6858.10009765625,5982000
1772215380,6857.8798828125,4982000
1772215440,6857.2998046875,6051000
1772215500,6855.06982421875,4600000
1772215560,6857.5498046875,5054000
1772215620,6859.4599609375,4628000
1772215680,6856.68994140625,4506000
1772215740,6855.14990234375,4407000
1772215800,6855.669921875,4429000
1772215860,6857.0,4526000
1772215920,6854.5,4932000
1772215980,6854.66015625,4781000
1772216040,6854.0498046875,3815000
1772216100,6852.81982421875,4533000
1772216160,6854.080078125,4300000
1772216220,6852.93994140625,4283000
1772216280,6852.93017578125,4937000
1772216340,6850.89990234375,5790000
1772216400,6851.830078125,6090000
1772216460,6847.47021484375,7024000
1772216520,6850.35986328125,5397000
1772216580,6849.06982421875,5060000
1772216640,6849.81005859375,4683000
1772216700,6847.3798828125,5169000
1772216760,6847.02001953125,3658000
1772216820,6847.1298828125,6041000
1772216880,6850.27001953125,5192000
1772216940,6852.759765625,5263000
1772217000,6852.8701171875,4202000
1772217060,6854.0498046875,5236000
1772217120,6851.06005859375,4338000
1772217180,6851.89990234375,4489000
1772217240,6852.0498046875,4013000
1772217300,6851.64990234375,3684000
1772217360,6852.31982421875,4162000
1772217420,6849.0,4352000
1772217480,6851.27001953125,4695000
1772217540,6852.60009765625,4226000
1772217600,6855.10986328125,4326000
1772217660,6855.830078125,5784000
1772217720,6856.08984375,4693000
1772217780,6854.330078125,5121000
1772217840,6853.39990234375,5192000
1772217900,6853.75,4886000
1772217960,6851.990234375,4041000
1772218020,6854.56005859375,4834000
1772218080,6853.06982421875,4710000
1772218140,6852.08984375,4493000
1772218200,6850.27001953125,5748000
1772218260,6852.0,5235000
1772218320,6855.2900390625,5405000
1772218380,6854.8701171875,4075000
1772218440,6853.58984375,4401000
1772218500,6852.56005859375,4925000
1772218560,6851.0498046875,4967000
1772218620,6851.740234375,4583000
1772218680,6853.83984375,4103000
1772218740,6854.8701171875,5286000
1772218800,6855.58984375,5648000
1772218860,6857.97998046875,5061000
1772218920,6858.240234375,5830000
1772218980,6861.2099609375,5881000
1772219040,6861.97021484375,5091000
1772219100,6862.18017578125,6621000
1772219160,6863.259765625,5992000
1772219220,6860.22021484375,5855000
1772219280,6856.18994140625,5324000
1772219340,6854.169921875,6220000
1772219400,6853.080078125,4628000
1772219460,6853.009765625,5978000
1772219520,6853.68017578125,5448000
1772219580,6856.72021484375,5689000
1772219640,6854.68994140625,6149000
1772219700,6854.3798828125,5255000
1772219760,6854.08984375,4346000
1772219820,6855.22998046875,5573000
1772219880,6854.64990234375,4356000
1772219940,6854.6201171875,4749000
1772220000,6854.16015625,4322000
1772220060,6853.60986328125,5285000
1772220120,6852.77978515625,4576000
1772220180,6852.6201171875,4365000
1772220240,6852.56005859375,4732000
1772220300,6851.35009765625,4728000
1772220360,6852.56005859375,4887000
1772220420,6854.39013671875,5629000
1772220480,6853.18994140625,4949000
1772220540,6851.10009765625,5858000
1772220600,6848.6201171875,6612000
1772220660,6848.0498046875,5047000
1772220720,6848.77001953125,5191000
1772220780,6849.830078125,4998000
1772220840,6849.7001953125,4640000
1772220900,6852.5498046875,5622000
1772220960,6852.75,4501000
1772221020,6853.669921875,5001000
1772221080,6853.31982421875,4752000
1772221140,6854.52978515625,5123000
1772221200,6851.60986328125,5961000
1772221260,6851.56005859375,5589000
1772221320,6849.009765625,4778000
1772221380,6847.330078125,5213000
1772221440,6848.419921875,5748000
1772221500,6850.89013671875,5071000
1772221560,6850.509765625,5547000
1772221620,6849.7998046875,4488000
1772221680,6848.2900390625,4176000
1772221740,6847.41015625,4864000
1772221800,6847.3798828125,5216000
1772221860,6846.93994140625,5216000
1772221920,6847.9599609375,4964000
1772221980,6848.31005859375,5253000
1772222040,6848.52978515625,4954000
1772222100,6849.60009765625,5303000
1772222160,6850.16015625,5587000
1772222220,6850.39013671875,5912000
1772222280,6849.18017578125,6072000
1772222340,6849.0,6458000
1772222400,6850.6298828125,6713000
1772222460,6852.52978515625,5877000
1772222520,6853.81005859375,5713000
1772222580,6852.8701171875,5975000
1772222640,6851.83984375,6791000
1772222700,6853.580078125,5682000
1772222760,6852.27978515625,5639000
1772222820,6854.85986328125,5676000
1772222880,6855.31005859375,5464000
1772222940,6854.64013671875,5799000
1772223000,6859.39990234375,7805000
1772223060,6860.18017578125,6167000
1772223120,6864.27001953125,7760000
1772223180,6863.14013671875,6362000
1772223240,6866.93994140625,7405000
1772223300,6867.10986328125,8213000
1772223360,6867.35009765625,7488000
1772223420,6870.02978515625,7209000
1772223480,6870.25,5693000
1772223540,6871.169921875,6939000
1772223600,6867.77001953125,7427000
1772223660,6871.39013671875,7531000
1772223720,6871.64990234375,6951000
1772223780,6874.27978515625,6490000
1772223840,6873.81005859375,7054000
1772223900,6873.35009765625,7352000
1772223960,6874.22998046875,6807000
1772224020,6872.39013671875,7598000
1772224080,6872.72021484375,6985000
1772224140,6871.1298828125,6808000
1772224200,6871.14013671875,10039000
1772224260,6872.2001953125,9279000
1772224320,6871.2998046875,8313000
1772224380,6871.91015625,8249000
1772224440,6868.91015625,9219000
1772224500,6866.68994140625,10111000
1772224560,6867.18017578125,8870000
1772224620,6863.6298828125,9395000
1772224680,6860.72021484375,8906000
1772224740,6861.60009765625,9427000
1772224800,6863.56982421875,9508000
1772224860,6861.97998046875,10435000
1772224920,6864.85009765625,10943000
1772224980,6867.9501953125,11268000
1772225040,6865.25,10041000
1772225100,6867.740234375,14084000
1772225160,6867.22021484375,12119000
1772225220,6865.68994140625,16037000
1772225280,6869.2001953125,14425000
1772225340,6869.419921875,16183000
1772225400,6870.6298828125,34421000
1772225460,6868.5400390625,21091000
1772225520,6867.47021484375,21072000
1772225580,6870.919921875,23128000
1772225640,6871.080078125,26579000
1772225700,6869.14990234375,38867000
1772225760,6872.22021484375,36367000
1772225820,6874.68994140625,43419000
1772225880,6874.91015625,55142000
1772225940,6878.0400390625,105588000
1772461800,6805.31982421875,0
1772461860,6814.91015625,25886493
1772461920,6818.6201171875,18661723
1772461980,6819.02978515625,18982132
1772462040,6827.2001953125,25331092
1772462100,6830.7099609375,17859116
1772462160,6833.3798828125,18184685
1772462220,6836.0498046875,17333768
1772462280,6832.0400390625,14526234
1772462340,6826.56005859375,14123821
1772462400,6826.7099609375,15178283
1772462460,6829.509765625,12257912
1772462520,6833.64990234375,13135995
1772462580,6831.39013671875,12766100
1772462640,6835.27978515625,13642922
1772462700,6841.14013671875,12627805
1772462760,6841.77001953125,11800822
1772462820,6843.39013671875,10962500
1772462880,6845.60986328125,10544013
1772462940,6848.1201171875,11913859
1772463000,6843.7099609375,12352040
1772463060,6842.02001953125,9897425
1772463120,6837.06005859375,10969173
1772463180,6836.97021484375,10091962
1772463240,6841.2001953125,9207352
1772463300,6841.919921875,9966228
1772463360,6840.7099609375,11064809
1772463420,6842.06982421875,9647080
1772463480,6844.0400390625,8686438
1772463540,6845.47021484375,7811817
1772463600,6835.68994140625,12724384
1772463660,6848.740234375,9986639
1772463720,6852.2900390625,10299881
1772463780,6857.77978515625,10104150
1772463840,6857.3798828125,11628429
1772463900,6858.68994140625,11562317
1772463960,6859.52001953125,10309877
1772464020,6863.8701171875,8907265
1772464080,6862.97998046875,9708432
1772464140,6858.81005859375,11157088
1772464200,6861.58984375,8783803
1772464260,6865.93017578125,9273610
1772464320,6865.47021484375,9337534
1772464380,6866.5,8440892
1772464440,6865.31982421875,8752748
1772464500,6863.02001953125,9095536
1772464560,6865.7099609375,10080037
1772464620,6865.169921875,9442478
1772464680,6861.56005859375,8991542
1772464740,6862.39013671875,8494457
1772464800,6862.7998046875,7966678
1772464860,6855.27001953125,8961873
1772464920,6851.6201171875,10527846
1772464980,6859.8798828125,9632487
1772465040,6857.18994140625,7736921
1772465100,6854.81982421875,7538955
1772465160,6853.81982421875,10082726
1772465220,6851.10009765625,8115590
1772465280,6850.35986328125,7611193
1772465340,6848.240234375,8024860
1772465400,6849.18017578125,9655131
1772465460,6847.60986328125,8091777
1772465520,6842.4599609375,8825937
1772465580,6842.06005859375,9576630
1772465640,6844.85986328125,8871817
1772465700,6844.8701171875,7723856
1772465760,6843.68994140625,7507464
1772465820,6846.31005859375,7559006
1772465880,6850.3798828125,6660393
1772465940,6854.10009765625,7798126
1772466000,6851.31982421875,7823429
1772466060,6854.97021484375,8211764
1772466120,6854.14013671875,6255150
1772466180,6856.10009765625,8168381
1772466240,6858.6298828125,6939791
1772466300,6859.3701171875,7863979
1772466360,6860.06982421875,7256620
1772466420,6861.5,5692506
1772466480,6854.72021484375,7991478
1772466540,6856.759765625,6259741
1772466600,6859.1298828125,8928699
1772466660,6857.7900390625,8837000
1772466720,6857.06982421875,7004000
1772466780,6853.7001953125,7019000
1772466840,6849.2900390625,6665000
1772466900,6851.77978515625,7159000
1772466960,6856.1201171875,6843000
1772467020,6856.1201171875,6463000
1772467080,6857.0,6700000
1772467140,6857.52978515625,6603000
1772467200,6854.009765625,6782000
1772467260,6856.16015625,6199000
1772467320,6855.02001953125,6100000
1772467380,6856.85009765625,6009000
1772467440,6861.509765625,7043000
1772467500,6862.43017578125,6927000
1772467560,6862.669921875,6412000
1772467620,6865.60009765625,6516000
1772467680,6866.89990234375,5853000
1772467740,6869.97021484375,5754000
1772467800,6867.93017578125,7859000
1772467860,6870.77978515625,7962000
1772467920,6870.02978515625,6639000
1772467980,6869.330078125,6335000
1772468040,6868.85986328125,6837000
1772468100,6865.39013671875,7874000
1772468160,6864.6298828125,6377000
1772468220,6863.0400390625,5945000
1772468280,6866.52978515625,6306000
1772468340,6862.60986328125,6099000
1772468400,6862.22998046875,6583000
1772468460,6862.1201171875,6126000
1772468520,6862.759765625,6388000
1772468580,6863.41015625,5374000
1772468640,6862.02978515625,5015000
1772468700,6859.10986328125,5695000
1772468760,6853.72998046875,5879000
1772468820,6846.52001953125,6846000
1772468880,6846.990234375,6798000
1772468940,6848.330078125,6982000
1772469000,6850.58984375,6988000
1772469060,6846.22998046875,6072000
1772469120,6847.18017578125,5610000
1772469180,6846.72998046875,5070000
1772469240,6853.58984375,8205000
1772469300,6854.93017578125,6340000
1772469360,6858.27001953125,5661000
1772469420,6861.5,6135000
1772469480,6865.77978515625,6067000
1772469540,6866.89013671875,6482000
1772469600,6871.009765625,7615000
1772469660,6875.72021484375,6190000
1772469720,6875.56005859375,5616000
1772469780,6877.14990234375,5576000
1772469840,6879.39013671875,5498000
1772469900,6881.81005859375,5232000
1772469960,6881.68994140625,5950000
1772470020,6884.27978515625,6483000
1772470080,6880.2998046875,6967000
1772470140,6879.97021484375,6266000
1772470200,6878.14990234375,6752000
1772470260,6877.10009765625,5832000
1772470320,6879.509765625,5720000
1772470380,6879.89013671875,5223000
1772470440,6877.2099609375,5630000
1772470500,6880.14990234375,5258000
1772470560,6879.5,4609000
1772470620,6878.83984375,4548000
1772470680,6879.5498046875,7213000
1772470740,6878.14990234375,5495000
1772470800,6877.830078125,6124000
1772470860,6876.22998046875,5741000
1772470920,6875.9599609375,5844000
1772470980,6875.60009765625,4880000
1772471040,6878.580078125,4385000
1772471100,6879.31982421875,5142000
1772471160,6880.52978515625,4829000
1772471220,6875.7998046875,4983000
1772471280,6875.7900390625,5202000
1772471340,6876.8701171875,4880000
1772471400,6874.39990234375,6347000
1772471460,6874.66015625,4951000
1772471520,6874.31982421875,4158000
1772471580,6877.66015625,4346000
1772471640,6878.7900390625,4040000
1772471700,6883.919921875,5115000
1772471760,6884.259765625,4123000
1772471820,6885.3798828125,4549000
1772471880,6884.22021484375,5024000
1772471940,6886.1298828125,3961000
1772472000,6885.9501953125,4529000
1772472060,6885.16015625,5373000
1772472120,6883.85009765625,4655000
1772472180,6885.009765625,4811000
1772472240,6885.77978515625,4427000
1772472300,6883.7099609375,4476000
1772472360,6881.85986328125,4346000
1772472420,6881.02978515625,4539000
1772472480,6882.18017578125,4497000
1772472540,6880.18017578125,4739000
1772472600,6880.419921875,5077000
1772472660,6879.68017578125,4770000
1772472720,6878.89990234375,4361000
1772472780,6878.9599609375,4006000
1772472840,6876.509765625,4645000
1772472900,6876.990234375,4334000
1772472960,6881.330078125,7880000
1772473020,6880.669921875,3355000
1772473080,6877.1298828125,4422000
1772473140,6878.18994140625,3150000
1772473200,6878.5400390625,3606000
1772473260,6882.89013671875,4411000
1772473320,6883.14013671875,3756000
1772473380,6881.39013671875,3909000
1772473440,6882.64013671875,4235000
1772473500,6882.56005859375,4080000
1772473560,6883.93017578125,4611000
1772473620,6884.1201171875,4638000
1772473680,6882.5498046875,4750000
1772473740,6883.68017578125,4283000
1772473800,6883.419921875,5094000
1772473860,6887.25,4762000
1772473920,6887.2099609375,3481000
1772473980,6886.7001953125,3898000
1772474040,6886.75,3701000
1772474100,6886.1201171875,4338000
1772474160,6883.7099609375,3596000
1772474220,6883.27978515625,3360000
1772474280,6885.2900390625,4374000
1772474340,6887.669921875,4801000
1772474400,6887.7998046875,4269000
1772474460,6888.10009765625,3924000
1772474520,6888.06982421875,3867000
1772474580,6886.33984375,5380000
1772474640,6886.990234375,3739000
1772474700,6887.89990234375,3803000
1772474760,6886.39990234375,3913000
1772474820,6887.6298828125,3953000
1772474880,6885.89990234375,3979000
1772474940,6884.83984375,4464000
1772475000,6885.169921875,3825000
1772475060,6885.60009765625,4609000
1772475120,6883.77001953125,4417000
1772475180,6885.56982421875,3874000
1772475240,6885.5400390625,4101000
1772475300,6883.990234375,4466000
1772475360,6882.81982421875,4095000
1772475420,6883.2900390625,4034000
1772475480,6882.919921875,4338000
1772475540,6881.35986328125,5029000
1772475600,6879.89013671875,4330000
1772475660,6879.22998046875,3832000
1772475720,6879.3701171875,4681000
1772475780,6878.83984375,4123000
1772475840,6879.4599609375,3668000
1772475900,6878.2001953125,4104000
1772475960,6881.080078125,3648000
1772476020,6882.02978515625,4204000
1772476080,6882.97021484375,3554000
1772476140,6882.2998046875,3280000
1772476200,6880.8798828125,4079000
1772476260,6881.06982421875,4493000
1772476320,6883.10009765625,4658000
1772476380,6881.72021484375,5155000
1772476440,6881.39013671875,4247000
1772476500,6880.35009765625,4153000
1772476560,6879.85009765625,4289000
1772476620,6878.3798828125,3676000
1772476680,6877.85986328125,4521000
1772476740,6877.31005859375,4202000
1772476800,6877.02978515625,5083000
1772476860,6875.419921875,4426000
1772476920,6874.6298828125,5251000
1772476980,6877.81982421875,4927000
1772477040,6877.91015625,3818000
1772477100,6876.3701171875,5020000
1772477160,6873.5498046875,4282000
1772477220,6869.83984375,5247000
1772477280,6873.2001953125,4846000
1772477340,6873.72998046875,3469000
1772477400,6874.66015625,3476000
1772477460,6871.89013671875,4030000
1772477520,6871.93017578125,3672000
1772477580,6873.06982421875,3697000
1772477640,6872.85986328125,3842000
1772477700,6869.85009765625,5266000
1772477760,6871.72021484375,4122000
1772477820,6870.81005859375,4764000
1772477880,6868.9599609375,5389000
1772477940,6868.68994140625,4413000
1772478000,6868.509765625,5331000
1772478060,6869.06005859375,4643000
1772478120,6869.14990234375,5314000
1772478180,6870.1298828125,4959000
1772478240,6872.2099609375,3815000
1772478300,6871.64990234375,4506000
1772478360,6873.8798828125,4500000
1772478420,6873.009765625,4905000
1772478480,6874.56982421875,4449000
1772478540,6879.490234375,6427000
1772478600,6880.7001953125,5519000
1772478660,6882.91015625,7189000
1772478720,6883.31005859375,4973000
1772478780,6883.56005859375,4478000
1772478840,6884.39013671875,4526000
1772478900,6888.22021484375,6211000
1772478960,6890.85986328125,4620000
1772479020,6891.009765625,4519000
1772479080,6891.72021484375,3760000
1772479140,6891.4599609375,4033000
1772479200,6894.02001953125,5369000
1772479260,6895.43017578125,4987000
1772479320,6895.41015625,3893000
1772479380,6894.68994140625,3960000
1772479440,6892.64990234375,4168000
1772479500,6890.9501953125,4930000
1772479560,6894.02978515625,4367000
1772479620,6895.1298828125,4753000
1772479680,6895.5400390625,4223000
1772479740,6896.7998046875,3924000
1772479800,6898.77978515625,5265000
1772479860,6896.7099609375,4976000
1772479920,6897.7900390625,4884000
1772479980,6898.27001953125,3993000
1772480040,6899.240234375,4595000
1772480100,6898.75,4298000
1772480160,6899.89990234375,4941000
1772480220,6900.68017578125,3983000
1772480280,6899.60986328125,4845000
1772480340,6898.47998046875,4173000
1772480400,6898.830078125,4821000
1772480460,6898.22021484375,4886000
1772480520,6897.0498046875,4256000
1772480580,6895.2900390625,4721000
1772480640,6895.52001953125,3990000
1772480700,6895.89013671875,4311000
1772480760,6896.5400390625,4041000
1772480820,6898.6201171875,4344000
1772480880,6898.52978515625,4235000
1772480940,6897.8798828125,3707000
1772481000,6897.47021484375,4458000
1772481060,6898.7001953125,5503000
1772481120,6898.66015625,4205000
1772481180,6898.8701171875,4749000
1772481240,6899.43994140625,4362000
1772481300,6899.419921875,4762000
1772481360,6899.02978515625,4612000
1772481420,6899.0498046875,4674000
1772481480,6898.2900390625,4680000
1772481540,6897.0,4705000
1772481600,6895.66015625,6529000
1772481660,6894.740234375,4588000
1772481720,6894.5498046875,3917000
1772481780,6895.5400390625,7363000
1772481840,6895.72998046875,4710000
1772481900,6896.0,5353000
1772481960,6889.10009765625,10329000
1772482020,6884.31982421875,5896000
1772482080,6877.83984375,7162000
1772482140,6877.080078125,6834000
1772482200,6870.6201171875,8779000
1772482260,6874.27001953125,7002000
1772482320,6872.259765625,6562000
1772482380,6871.58984375,5466000
1772482440,6868.330078125,6827000
1772482500,6867.2099609375,6883000
1772482560,6875.27001953125,9591000
1772482620,6877.39990234375,5823000
1772482680,6879.81005859375,5775000
1772482740,6875.6201171875,5832000
1772482800,6877.1201171875,7340000
1772482860,6872.68994140625,5371000
1772482920,6874.35009765625,5733000
1772482980,6874.56982421875,5893000
1772483040,6872.009765625,5922000
1772483100,6872.18017578125,6107000
1772483160,6868.93994140625,5670000
1772483220,6869.66015625,5969000
1772483280,6872.580078125,6718000
1772483340,6868.81005859375,6521000
1772483400,6870.83984375,7995000
1772483460,6869.75,7454000
1772483520,6873.7998046875,6357000
1772483580,6872.97998046875,6421000
1772483640,6875.60986328125,6072000
1772483700,6872.2900390625,7072000
1772483760,6872.580078125,6672000
1772483820,6875.02001953125,6731000
1772483880,6878.580078125,5965000
1772483940,6876.43994140625,8848000
1772484000,6874.81982421875,7546000
1772484060,6871.72021484375,8188000
1772484120,6874.83984375,8114000
1772484180,6874.33984375,7407000
1772484240,6877.2998046875,7889000
1772484300,6877.4599609375,9554000
1772484360,6878.6298828125,11035000
1772484420,6879.43017578125,8696000
1772484480,6878.3701171875,11829000
1772484540,6879.06005859375,9521000
1772484600,6879.009765625,21735000
1772484660,6879.33984375,15111000
1772484720,6879.080078125,13297000
1772484780,6877.75,15235000
1772484840,6882.60986328125,18553000
1772484900,6885.02978515625,24704000
1772484960,6883.9501953125,27669000
1772485020,6885.85986328125,29873000
1772485080,6884.97998046875,44667000
1772485140,6880.0498046875,84896000
1772548200,6775.0498046875,0
1772548260,6776.18017578125,18142531
1772548320,6773.509765625,16285874
1772548380,6771.259765625,19695915
1772548440,6759.52001953125,15194542
1772548500,6763.830078125,15196525
1772548560,6775.52978515625,13807319
1772548620,6779.740234375,12300243
1772548680,6781.83984375,14676536
1772548740,6773.22998046875,12797271
1772548800,6770.35986328125,11905455
1772548860,6762.3798828125,11926677
1772548920,6758.7001953125,11481755
1772548980,6754.52978515625,11166774
1772549040,6747.97998046875,11502219
1772549100,6753.9501953125,13854709
1772549160,6758.6298828125,11803996
1772549220,6750.85986328125,10983104
1772549280,6745.0498046875,10460361
1772549340,6739.08984375,10987375
1772549400,6742.2099609375,11592329
1772549460,6745.580078125,12247604
1772549520,6744.009765625,10366717
1772549580,6746.919921875,9390859
1772549640,6746.22021484375,10898237
1772549700,6744.83984375,9417173
1772549760,6741.06005859375,9215449
1772549820,6740.7099609375,9104163
1772549880,6734.740234375,9583647
1772549940,6736.9501953125,9091844
1772550000,6743.240234375,13682306
1772550060,6737.81005859375,10410122
1772550120,6736.4501953125,9449277
1772550180,6737.419921875,9061498
1772550240,6734.509765625,8639439
1772550300,6736.9501953125,8574041
1772550360,6741.3798828125,10409038
1772550420,6735.85986328125,9515363
1772550480,6732.89990234375,7399532
1772550540,6738.0,7483058
1772550600,6734.1201171875,10177089
1772550660,6738.83984375,9320904
1772550720,6743.1298828125,10981680
1772550780,6739.75,8163638
1772550840,6740.64990234375,8507567
1772550900,6739.7998046875,8072958
1772550960,6732.27978515625,9257670
1772551020,6729.41015625,7429104
1772551080,6723.759765625,8567127
1772551140,6724.5400390625,8413335
1772551200,6720.8798828125,8361852
1772551260,6717.72998046875,9413904
1772551320,6713.5400390625,9682594
1772551380,6720.75,11358330
1772551440,6718.35009765625,8324900
1772551500,6713.27001953125,9524108
1772551560,6711.8798828125,9128630
1772551620,6713.8701171875,8719578
1772551680,6711.8701171875,8451181
1772551740,6711.81005859375,8768113
1772551800,6716.39990234375,10841831
1772551860,6729.97998046875,11744206
1772551920,6725.56005859375,9599636
1772551980,6724.1201171875,8154793
1772552040,6723.9501953125,8805801
1772552100,6725.93017578125,7962909
1772552160,6732.56982421875,7615358
1772552220,6731.6298828125,7628698
1772552280,6730.509765625,7490997
1772552340,6731.68017578125,8099934
1772552400,6736.02001953125,8406193
1772552460,6734.66015625,7443397
1772552520,6735.3798828125,6695152
1772552580,6726.18017578125,7676619
1772552640,6726.83984375,7053441
1772552700,6728.740234375,7647778
1772552760,6727.8701171875,8020801
1772552820,6730.5,7895977
1772552880,6727.0,7263708
1772552940,6727.10009765625,7580466
1772553000,6721.7900390625,7836816
1772553060,6722.77001953125,6599032
1772553120,6724.0498046875,7294908
1772553180,6720.60986328125,6081986
1772553240,6719.7900390625,6862229
1772553300,6720.41015625,8161820
1772553360,6725.02001953125,8957471
1772553420,6727.91015625,8348432
1772553480,6732.740234375,7236503
1772553540,6733.10009765625,8361385
1772553600,6732.7099609375,8442314
1772553660,6733.2099609375,7250000
1772553720,6733.64990234375,6637000
1772553780,6740.0,7461000
1772553840,6747.47998046875,9675000
1772553900,6755.39990234375,9123000
1772553960,6756.39990234375,9451000
1772554020,6756.56005859375,7467000
1772554080,6762.77001953125,8727000
1772554140,6759.8701171875,7649000
1772554200,6760.419921875,7325000
1772554260,6760.31982421875,6513000
1772554320,6759.22998046875,6545000
1772554380,6765.18994140625,6956000
1772554440,6765.0498046875,7134000
1772554500,6769.47021484375,7160000
1772554560,6769.25,6206000
1772554620,6771.75,6463000
1772554680,6771.77001953125,6643000
1772554740,6767.4501953125,7371000
1772554800,6770.33984375,7112000
1772554860,6768.490234375,6628000
1772554920,6769.93994140625,7386000
1772554980,6775.10986328125,6346000
1772555040,6777.2998046875,7284000
1772555100,6779.39013671875,6811000
1772555160,6775.72021484375,6808000
1772555220,6774.9501953125,6373000
1772555280,6775.02001953125,7026000
1772555340,6775.580078125,6631000
1772555400,6770.60009765625,7616000
1772555460,6766.31982421875,7400000
1772555520,6763.68017578125,6381000
1772555580,6764.0,5228000
1772555640,6772.3798828125,5817000
1772555700,6774.02978515625,5779000
1772555760,6776.97021484375,5444000
1772555820,6776.2099609375,5995000
1772555880,6772.93017578125,7045000
1772555940,6774.83984375,4377000
1772556000,6775.3701171875,4926000
1772556060,6775.1298828125,5638000
1772556120,6772.509765625,5793000
1772556180,6778.89013671875,10234000
1772556240,6781.330078125,6539000
1772556300,6786.990234375,6519000
1772556360,6797.72021484375,8157000
1772556420,6793.27001953125,6661000
1772556480,6791.81982421875,6448000
1772556540,6789.35009765625,6103000
1772556600,6789.169921875,5856000
1772556660,6787.85986328125,5419000
1772556720,6790.3701171875,5073000
1772556780,6792.8701171875,5211000
1772556840,6792.66015625,4759000
1772556900,6794.91015625,5281000
1772556960,6796.8701171875,5210000
1772557020,6793.240234375,4829000
1772557080,6791.669921875,4359000
1772557140,6789.97021484375,5081000
1772557200,6789.169921875,6574000
1772557260,6785.9501953125,7172000
1772557320,6788.27978515625,4920000
1772557380,6786.1298828125,5151000
1772557440,6788.740234375,6205000
1772557500,6788.7099609375,5708000
1772557560,6792.18994140625,4828000
1772557620,6788.14013671875,5040000
1772557680,6784.81982421875,5648000
1772557740,6782.490234375,5380000
1772557800,6783.169921875,4728000
1772557860,6781.68994140625,4213000
1772557920,6781.8798828125,7347000
1772557980,6781.2998046875,3940000
1772558040,6785.58984375,5698000
1772558100,6785.0400390625,4798000
1772558160,6781.759765625,5196000
1772558220,6785.509765625,3762000
1772558280,6789.509765625,5194000
1772558340,6789.97998046875,4255000
1772558400,6785.93017578125,5047000
1772558460,6789.240234375,4279000
1772558520,6792.9501953125,5020000
1772558580,6793.93017578125,4581000
1772558640,6796.330078125,4380000
1772558700,6796.740234375,4042000
1772558760,6794.14013671875,5085000
1772558820,6794.6298828125,3904000
1772558880,6796.580078125,5061000
1772558940,6798.0400390625,3886000
1772559000,6794.080078125,4835000
1772559060,6788.02001953125,5466000
1772559120,6785.3798828125,4292000
1772559180,6782.1298828125,4070000
1772559240,6779.27001953125,4945000
1772559300,6778.83984375,5139000
1772559360,6783.18017578125,5477000
1772559420,6782.8701171875,5317000
1772559480,6780.509765625,3996000
1772559540,6781.02001953125,5040000
1772559600,6786.56982421875,5224000
1772559660,6784.52978515625,3963000
1772559720,6788.3701171875,3807000
1772559780,6795.60009765625,4799000
1772559840,6796.97998046875,4379000
1772559900,6795.990234375,4529000
1772559960,6792.64013671875,4722000
1772560020,6793.27978515625,3480000
1772560080,6795.009765625,3301000
1772560140,6797.39990234375,5565000
1772560200,6795.77978515625,6410000
1772560260,6795.669921875,4384000
1772560320,6796.06982421875,4916000
1772560380,6788.08984375,4626000
1772560440,6785.31982421875,4348000
1772560500,6787.75,4246000
1772560560,6787.77978515625,4682000
1772560620,6790.41015625,4363000
1772560680,6789.43994140625,3606000
1772560740,6788.64990234375,2951000
1772560800,6795.97998046875,5290000
1772560860,6800.47021484375,4591000
1772560920,6800.2001953125,5117000
1772560980,6797.7998046875,4191000
1772561040,6798.52978515625,3621000
1772561100,6797.8798828125,3812000
1772561160,6799.7001953125,4059000
1772561220,6800.91015625,4496000
1772561280,6802.66015625,3449000
1772561340,6802.5400390625,4228000
1772561400,6800.7900390625,4468000
1772561460,6798.31982421875,5014000
1772561520,6799.759765625,3795000
1772561580,6793.9501953125,4567000
1772561640,6794.91015625,3957000
1772561700,6798.5498046875,3934000
1772561760,6799.1298828125,3651000
1772561820,6801.97998046875,3569000
1772561880,6801.080078125,3342000
1772561940,6801.5,3417000
1772562000,6806.7001953125,6183000
1772562060,6808.06982421875,4476000
1772562120,6812.2900390625,4915000
1772562180,6814.47998046875,4322000
1772562240,6814.509765625,3717000
1772562300,6812.25,5076000
1772562360,6815.85009765625,5134000
1772562420,6815.64990234375,3411000
1772562480,6815.77978515625,4824000
1772562540,6812.89990234375,4541000
1772562600,6813.68994140625,4006000
1772562660,6815.990234375,4583000
1772562720,6817.72021484375,7322000
1772562780,6820.75,5838000
1772562840,6820.31005859375,4512000
1772562900,6820.990234375,5726000
1772562960,6822.43994140625,4448000
1772563020,6824.0,5529000
1772563080,6826.58984375,5313000
1772563140,6827.330078125,5351000
1772563200,6828.83984375,4973000
1772563260,6829.91015625,5570000
1772563320,6829.75,4914000
1772563380,6829.990234375,6596000
1772563440,6826.419921875,5050000
1772563500,6822.10986328125,5352000
1772563560,6821.72021484375,4310000
1772563620,6821.169921875,4502000
1772563680,6823.0400390625,5775000
1772563740,6828.330078125,5035000
1772563800,6830.56005859375,4848000
1772563860,6832.58984375,4910000
1772563920,6831.330078125,5394000
1772563980,6828.64013671875,4773000
1772564040,6828.56982421875,4264000
1772564100,6824.7099609375,4852000
1772564160,6827.83984375,5047000
1772564220,6829.22998046875,4486000
1772564280,6828.18017578125,4383000
1772564340,6826.490234375,4263000
1772564400,6826.66015625,5458000
1772564460,6827.68994140625,4349000
1772564520,6823.25,5603000
1772564580,6827.18994140625,4906000
1772564640,6826.35986328125,4705000
1772564700,6825.990234375,4415000
1772564760,6823.72998046875,6030000
1772564820,6819.0498046875,5445000
1772564880,6818.990234375,4602000
1772564940,6815.419921875,5687000
1772565000,6813.47998046875,5726000
1772565060,6817.509765625,5654000
1772565120,6816.2099609375,4873000
1772565180,6818.27001953125,6301000
1772565240,6819.83984375,4408000
1772565300,6825.259765625,5214000
1772565360,6821.31982421875,4535000
1772565420,6822.47998046875,4417000
1772565480,6822.72021484375,5195000
1772565540,6823.52001953125,4426000
1772565600,6827.89013671875,6416000
1772565660,6827.93994140625,4301000
1772565720,6828.85986328125,4616000
1772565780,6826.7900390625,4424000
1772565840,6824.43017578125,4751000
1772565900,6824.58984375,4590000
1772565960,6822.75,4243000
1772566020,6820.7998046875,4257000
1772566080,6819.759765625,5244000
1772566140,6819.31982421875,5993000
1772566200,6819.85986328125,4792000
1772566260,6819.10009765625,4748000
1772566320,6816.91015625,5442000
1772566380,6812.83984375,5641000
1772566440,6811.2099609375,5254000
1772566500,6808.77978515625,4993000
1772566560,6811.31005859375,5636000
1772566620,6829.72998046875,13636000
1772566680,6826.41015625,8107000
1772566740,6823.68017578125,5272000
1772566800,6824.58984375,7544000
1772566860,6830.1201171875,8211000
1772566920,6832.990234375,6415000
1772566980,6829.41015625,6186000
1772567040,6833.2900390625,5944000
1772567100,6835.83984375,6777000
1772567160,6838.6201171875,5617000
1772567220,6838.64990234375,5749000
1772567280,6835.58984375,5057000
1772567340,6835.41015625,5687000
1772567400,6836.669921875,6510000
1772567460,6834.330078125,5140000
1772567520,6831.31005859375,5650000
1772567580,6824.97998046875,5736000
1772567640,6829.27001953125,8837000
1772567700,6826.259765625,5383000
1772567760,6824.02978515625,5305000
1772567820,6825.18994140625,5923000
1772567880,6826.18994140625,4811000
1772567940,6826.919921875,5247000
1772568000,6824.35009765625,5458000
1772568060,6832.89013671875,6489000
1772568120,6826.7001953125,5610000
1772568180,6827.2001953125,5066000
1772568240,6825.77978515625,5363000
1772568300,6824.2099609375,5912000
1772568360,6825.47021484375,5044000
1772568420,6828.02001953125,5602000
1772568480,6828.14013671875,5827000
1772568540,6829.0400390625,7233000
1772568600,6830.7998046875,5864000
1772568660,6830.580078125,6422000
1772568720,6827.7001953125,5780000
1772568780,6825.6298828125,5776000
1772568840,6822.31005859375,5878000
1772568900,6824.5,6768000
1772568960,6818.77978515625,6689000
1772569020,6817.18994140625,6296000
1772569080,6820.22998046875,5865000
1772569140,6818.8798828125,5652000
1772569200,6823.68017578125,7020000
1772569260,6821.509765625,5036000
1772569320,6820.10009765625,6746000
1772569380,6820.2900390625,5053000
1772569440,6821.830078125,5924000
1772569500,6818.509765625,6259000
1772569560,6821.22998046875,6161000
1772569620,6820.93017578125,6051000
1772569680,6822.93994140625,7180000
1772569740,6824.7900390625,6831000
1772569800,6824.41015625,7023000
1772569860,6826.490234375,7028000
1772569920,6824.68994140625,8152000
1772569980,6823.009765625,7118000
1772570040,6822.58984375,6798000
1772570100,6828.2099609375,8179000
1772570160,6826.06982421875,6442000
1772570220,6822.3798828125,6744000
1772570280,6821.759765625,7025000
1772570340,6820.240234375,8317000
1772570400,6820.60986328125,7296000
1772570460,6817.259765625,8307000
1772570520,6818.64990234375,8026000
1772570580,6819.6298828125,7681000
1772570640,6819.75,7853000
1772570700,6819.919921875,9967000
1772570760,6818.56982421875,8317000
1772570820,6818.18017578125,9150000
1772570880,6817.16015625,9670000
1772570940,6819.06982421875,11329000
1772571000,6814.25,20572000
1772571060,6809.27978515625,15422000
1772571120,6807.7900390625,15232000
1772571180,6811.64990234375,16592000
1772571240,6816.43017578125,20731000
1772571300,6815.14013671875,24664000
1772571360,6813.31005859375,28121000
1772571420,6815.47998046875,30637000
1772571480,6816.06005859375,43653000
1772571540,6816.58984375,74250000
1772634600,6843.81982421875,0
1772634660,6838.330078125,16608018
1772634720,6841.490234375,15352473
1772634780,6840.4599609375,14599011
1772634840,6843.93994140625,12991970
1772634900,6830.47021484375,15514387
1772634960,6824.31005859375,11156807
1772635020,6828.52001953125,11730615
1772635080,6825.68017578125,10069531
1772635140,6824.93017578125,9593236
1772635200,6820.27978515625,9842232
1772635260,6818.22021484375,10532808
1772635320,6817.080078125,9402607
1772635380,6817.27978515625,10398801
1772635440,6816.580078125,8663670
1772635500,6813.58984375,10640251
1772635560,6820.14990234375,10076436
1772635620,6821.68017578125,11069299
1772635680,6825.18017578125,9256172
1772635740,6823.31982421875,9936430
1772635800,6818.39990234375,8654371
1772635860,6823.16015625,9232996
1772635920,6826.990234375,8362590
1772635980,6829.18994140625,8832891
1772636040,6828.52001953125,9119206
1772636100,6823.169921875,8211180
1772636160,6824.5,8474424
1772636220,6824.259765625,9065841
1772636280,6823.8701171875,8055048
1772636340,6829.1298828125,8557466
1772636400,6837.97998046875,15808925
1772636460,6838.0498046875,10063749
1772636520,6834.9599609375,8742128
1772636580,6826.2099609375,8823876
1772636640,6830.0498046875,7951226
1772636700,6831.7001953125,7647137
1772636760,6836.240234375,9598040
1772636820,6839.9599609375,6934802
1772636880,6844.9501953125,7548878
1772636940,6845.93017578125,7818884
1772637000,6846.56005859375,7869287
1772637060,6844.5498046875,7882269
1772637120,6847.22998046875,7538587
1772637180,6851.330078125,6920275
1772637240,6846.52978515625,7890071
1772637300,6848.580078125,8580018
1772637360,6850.830078125,8070118
1772637420,6853.75,7231323
1772637480,6854.10009765625,6510783
1772637540,6858.72021484375,7021114
1772637600,6862.10009765625,8215263
1772637660,6865.85009765625,8546275
1772637720,6867.35986328125,7555564
1772637780,6867.830078125,6601801
1772637840,6869.93017578125,7193462
1772637900,6866.7998046875,7886624
1772637960,6873.72998046875,8689956
1772638020,6874.77978515625,7925679
1772638080,6874.91015625,6940027
1772638140,6875.4501953125,8383580
1772638200,6873.27001953125,8804184
1772638260,6876.39013671875,8077894
1772638320,6873.7900390625,7544926
1772638380,6871.31982421875,6844604
1772638440,6868.75,7397283
1772638500,6866.7998046875,9403655
1772638560,6865.419921875,6872259
1772638620,6866.9501953125,6221251
1772638680,6864.89990234375,6852649
1772638740,6860.990234375,6598113
1772638800,6860.39990234375,6355793
1772638860,6860.47021484375,7165513
1772638920,6859.5400390625,5620062
1772638980,6860.22998046875,6357926
1772639040,6859.4599609375,5649916
1772639100,6854.72998046875,6733121
1772639160,6856.47998046875,5768043
1772639220,6858.77001953125,6771723
1772639280,6858.02001953125,5821255
1772639340,6860.2998046875,5444433
1772639400,6863.2099609375,6554377
1772639460,6863.2001953125,6484745
1772639520,6856.27001953125,6553317
1772639580,6860.14990234375,5727350
1772639640,6864.5498046875,5349245
1772639700,6867.97021484375,6602800
1772639760,6867.7099609375,6155503
1772639820,6870.6201171875,6148163
1772639880,6872.89013671875,7234400
1772639940,6873.009765625,5718972
1772640000,6875.16015625,7287373
1772640060,6876.5,5673446
1772640120,6877.68017578125,6141860
1772640180,6879.47998046875,5752251
1772640240,6877.25,5452003
1772640300,6872.56005859375,6460314
1772640360,6874.97021484375,5399299
1772640420,6873.169921875,6161648
1772640480,6872.06982421875,4990469
1772640540,6871.0400390625,5448891
1772640600,6868.0,5802536
1772640660,6865.1201171875,5905831
1772640720,6860.419921875,6869654
1772640780,6859.77001953125,5509872
1772640840,6860.22998046875,6607977
1772640900,6861.02001953125,6913676
1772640960,6864.2099609375,6377691
1772641020,6864.85986328125,5964682
1772641080,6860.31982421875,5734609
1772641140,6860.18994140625,5244093
1772641200,6862.33984375,6398722
1772641260,6861.93017578125,5185472
1772641320,6859.8798828125,6407456
1772641380,6858.56005859375,5231760
1772641440,6858.91015625,5185158
1772641500,6862.91015625,7236310
1772641560,6865.1298828125,5325000
1772641620,6867.58984375,6146000
1772641680,6866.64990234375,6137000
1772641740,6865.8701171875,5493000
1772641800,6866.75,5823000
1772641860,6869.35986328125,5483000
1772641920,6869.6298828125,4005000
1772641980,6870.919921875,4684000
1772642040,6870.0400390625,5363000
1772642100,6870.47021484375,9028000
1772642160,6871.89013671875,5803000
1772642220,6868.5498046875,4658000
1772642280,6868.18994140625,6375000
1772642340,6866.18017578125,5742000
1772642400,6870.7001953125,5810000
1772642460,6873.10986328125,5490000
1772642520,6875.58984375,5689000
1772642580,6875.9599609375,5044000
1772642640,6875.8701171875,5192000
1772642700,6877.5,6014000
1772642760,6878.22998046875,5602000
1772642820,6875.89990234375,5128000
1772642880,6875.9501953125,5119000
1772642940,6875.41015625,4856000
1772643000,6871.39990234375,7007000
1772643060,6871.39013671875,5222000
1772643120,6874.72998046875,5191000
1772643180,6876.759765625,4677000
1772643240,6875.580078125,3655000
1772643300,6876.2900390625,5788000
1772643360,6873.89990234375,5501000
1772643420,6873.009765625,5955000
1772643480,6873.35986328125,4334000
1772643540,6872.72998046875,4764000
1772643600,6872.64013671875,5758000
1772643660,6874.830078125,5634000
1772643720,6875.97998046875,5516000
1772643780,6876.72998046875,5936000
1772643840,6877.66015625,4830000
1772643900,6877.22021484375,5619000
1772643960,6876.97998046875,5065000
1772644020,6875.2900390625,6004000
1772644080,6875.31982421875,4588000
1772644140,6875.25,5263000
1772644200,6876.77978515625,4523000
1772644260,6877.56982421875,4499000
1772644320,6876.08984375,6380000
1772644380,6876.33984375,4566000
1772644440,6875.22021484375,4058000
1772644500,6874.39013671875,5575000
1772644560,6875.81982421875,4855000
1772644620,6876.009765625,4451000
1772644680,6874.33984375,4370000
1772644740,6874.4599609375,3882000
1772644800,6873.6298828125,4643000
1772644860,6871.47021484375,4736000
1772644920,6869.6201171875,5730000
1772644980,6870.4599609375,4351000
1772645040,6871.93017578125,4341000
1772645100,6873.66015625,5935000
1772645160,6874.169921875,5080000
1772645220,6871.330078125,4512000
1772645280,6871.240234375,3921000
1772645340,6868.740234375,3532000
1772645400,6865.8701171875,4226000
1772645460,6865.2900390625,5138000
1772645520,6862.330078125,4773000
1772645580,6867.509765625,4887000
1772645640,6869.31982421875,4376000
1772645700,6871.25,4402000
1772645760,6872.60986328125,4245000
1772645820,6869.919921875,4335000
1772645880,6871.52001953125,4252000
1772645940,6874.8798828125,4390000
1772646000,6876.75,4573000
1772646060,6875.33984375,4683000
1772646120,6872.58984375,3620000
1772646180,6872.52001953125,4187000
1772646240,6872.6298828125,3813000
1772646300,6873.89013671875,3598000
1772646360,6874.990234375,3818000
1772646420,6875.22021484375,3883000
1772646480,6875.22998046875,3284000
1772646540,6874.43017578125,4020000
1772646600,6874.2998046875,4564000
1772646660,6874.27978515625,4189000
1772646720,6873.56982421875,3605000
1772646780,6877.7998046875,5559000
1772646840,6877.490234375,4161000
1772646900,6876.02978515625,4274000
1772646960,6874.83984375,3936000
1772647020,6874.7900390625,4258000
1772647080,6878.25,3638000
1772647140,6876.9599609375,4104000
1772647200,6879.06005859375,4296000
1772647260,6877.64013671875,4104000
1772647320,6876.990234375,3950000
1772647380,6877.2001953125,3733000
1772647440,6874.97021484375,3955000
1772647500,6875.18994140625,4985000
1772647560,6873.7900390625,3632000
1772647620,6878.52001953125,4640000
1772647680,6878.02001953125,3207000
1772647740,6877.27001953125,4170000
1772647800,6876.919921875,4276000
1772647860,6876.1201171875,4340000
1772647920,6877.5,3466000
1772647980,6876.009765625,4871000
1772648040,6874.60009765625,4401000
1772648100,6873.4599609375,3845000
1772648160,6874.56005859375,4845000
1772648220,6873.5400390625,3717000
1772648280,6872.56982421875,4410000
1772648340,6871.52001953125,4683000
1772648400,6870.14013671875,4898000
1772648460,6872.2001953125,4253000
1772648520,6871.77978515625,4038000
1772648580,6873.06982421875,3800000
1772648640,6871.47998046875,4269000
1772648700,6871.08984375,3975000
1772648760,6873.72998046875,6076000
1772648820,6875.47021484375,4879000
1772648880,6875.16015625,4092000
1772648940,6875.9501953125,4169000
1772649000,6879.0400390625,4698000
1772649060,6878.25,3993000
1772649120,6880.91015625,4785000
1772649180,6879.72998046875,4204000
1772649240,6878.2900390625,4541000
1772649300,6880.33984375,4627000
1772649360,6880.0,4606000
1772649420,6881.08984375,4543000
1772649480,6880.06982421875,4927000
1772649540,6879.2001953125,5820000
1772649600,6880.1298828125,5050000
1772649660,6880.35986328125,5024000
1772649720,6881.64990234375,4894000
1772649780,6881.72998046875,4678000
1772649840,6880.22998046875,4708000
1772649900,6881.18017578125,4442000
1772649960,6878.64990234375,5339000
1772650020,6879.89990234375,5011000
1772650080,6879.68017578125,3713000
1772650140,6882.22998046875,4412000
1772650200,6882.6201171875,4467000
1772650260,6883.0400390625,4174000
1772650320,6882.64990234375,4322000
1772650380,6882.60986328125,3811000
1772650440,6881.22021484375,3623000
1772650500,6879.919921875,4425000
1772650560,6878.91015625,3986000
1772650620,6877.75,4129000
1772650680,6877.91015625,3942000
1772650740,6880.56982421875,4532000
1772650800,6879.580078125,4082000
1772650860,6882.490234375,4791000
1772650920,6882.509765625,5605000
1772650980,6882.56005859375,4471000
1772651040,6883.16015625,4614000
1772651100,6881.75,4368000
1772651160,6881.39013671875,4368000
1772651220,6883.2001953125,4759000
1772651280,6882.669921875,6682000
1772651340,6882.08984375,4680000
1772651400,6882.18994140625,4245000
1772651460,6882.259765625,5352000
1772651520,6882.5498046875,3960000
1772651580,6883.7998046875,4849000
1772651640,6882.85009765625,4513000
1772651700,6883.81982421875,3380000
1772651760,6883.330078125,6685000
1772651820,6883.77978515625,5909000
1772651880,6883.68994140625,4378000
1772651940,6883.10009765625,4278000
1772652000,6882.1201171875,4580000
1772652060,6882.5400390625,4122000
1772652120,6881.35986328125,4010000
1772652180,6881.759765625,4106000
1772652240,6883.759765625,3917000
1772652300,6882.93994140625,4679000
1772652360,6880.33984375,4896000
1772652420,6881.3701171875,5299000
1772652480,6881.77978515625,4022000
1772652540,6880.91015625,4203000
1772652600,6881.64990234375,4875000
1772652660,6882.330078125,4658000
1772652720,6881.08984375,4208000
1772652780,6880.6298828125,4143000
1772652840,6880.22021484375,3962000
1772652900,6882.02978515625,4708000
1772652960,6881.22021484375,3763000
1772653020,6881.240234375,3772000
1772653080,6881.66015625,5124000
1772653140,6883.5400390625,4137000
1772653200,6883.14990234375,4997000
1772653260,6883.2001953125,4029000
1772653320,6883.509765625,5093000
1772653380,6880.60986328125,4888000
1772653440,6881.77978515625,4008000
1772653500,6883.02978515625,4418000
1772653560,6882.1201171875,4381000
1772653620,6881.0498046875,5399000
1772653680,6883.16015625,4415000
1772653740,6883.509765625,4153000
1772653800,6885.08984375,5309000
1772653860,6884.81005859375,4416000
1772653920,6884.919921875,4426000
1772653980,6885.7900390625,4608000
1772654040,6885.27978515625,4910000
1772654100,6883.25,5661000
1772654160,6882.68017578125,5882000
1772654220,6883.18994140625,4742000
1772654280,6883.72021484375,4865000
1772654340,6882.85986328125,4548000
1772654400,6881.8701171875,6243000
1772654460,6883.85009765625,5170000
1772654520,6884.080078125,4274000
1772654580,6884.27001953125,5383000
1772654640,6884.2001953125,4048000
1772654700,6882.8798828125,5857000
1772654760,6882.33984375,5775000
1772654820,6879.18017578125,5578000
1772654880,6878.64990234375,5056000
1772654940,6879.9501953125,4779000
1772655000,6877.35986328125,6245000
1772655060,6877.27001953125,5143000
1772655120,6877.39990234375,5141000
1772655180,6876.93017578125,4731000
1772655240,6876.919921875,4940000
1772655300,6875.06982421875,5697000
1772655360,6877.27001953125,5391000
1772655420,6875.85009765625,6947000
1772655480,6874.8798828125,4666000
1772655540,6874.33984375,5709000
1772655600,6874.27001953125,6000000
1772655660,6870.35986328125,7206000
1772655720,6872.919921875,5005000
1772655780,6872.02001953125,5602000
1772655840,6872.27978515625,5474000
1772655900,6874.58984375,6541000
1772655960,6874.97998046875,5680000
1772656020,6875.27001953125,6548000
1772656080,6876.35986328125,5655000
1772656140,6877.2998046875,5943000
1772656200,6877.22021484375,8241000
1772656260,6876.490234375,6565000
1772656320,6875.0,6731000
1772656380,6875.60986328125,7284000
1772656440,6874.9501953125,8600000
1772656500,6875.89990234375,9200000
1772656560,6876.1298828125,7973000
1772656620,6877.3701171875,7739000
1772656680,6877.8798828125,9016000
1772656740,6876.4599609375,8561000
1772656800,6877.4599609375,10076000
1772656860,6878.330078125,8906000
1772656920,6879.77001953125,7732000
1772656980,6879.8798828125,7676000
1772657040,6879.89013671875,9825000
1772657100,6880.7998046875,10694000
1772657160,6878.2099609375,9568000
1772657220,6878.43017578125,11169000
1772657280,6878.919921875,12795000
1772657340,6878.259765625,12164000
1772657400,6869.77001953125,24551000
1772657460,6870.43994140625,15372000
1772657520,6871.9501953125,14863000
1772657580,6872.2998046875,15656000
1772657640,6875.490234375,20935000
1772657700,6874.10009765625,25294000
1772657760,6873.41015625,27185000
1772657820,6873.0400390625,30975000
1772657880,6871.81005859375,43229000
1772657940,6868.9501953125,76335000
1772721000,6839.52001953125,0
1772721060,6845.43994140625,17376802
1772721120,6848.759765625,13817661
1772721180,6853.02001953125,14176158
1772721240,6856.6201171875,13362441
1772721300,6856.5498046875,13720583
1772721360,6856.5400390625,13204400
1772721420,6855.2001953125,11637483
1772721480,6855.22998046875,11338483
1772721540,6851.7900390625,12685640
1772721600,6844.7001953125,11947398
1772721660,6847.06982421875,12027535
1772721720,6847.6298828125,9786553
1772721780,6842.02001953125,10568659
1772721840,6841.72021484375,8587535
1772721900,6838.27001953125,11847838
1772721960,6840.31982421875,11262051
1772722020,6847.22998046875,10313275
1772722080,6850.990234375,10845754
1772722140,6843.8798828125,10308744
1772722200,6848.58984375,11137870
1772722260,6853.52001953125,10523273
1772722320,6849.830078125,8919295
1772722380,6851.16015625,9352381
1772722440,6853.9599609375,7903624
1772722500,6853.68994140625,8662986
1772722560,6853.60986328125,8586080
1772722620,6860.419921875,7716368
1772722680,6865.60986328125,8711428
1772722740,6865.93017578125,9707910
1772722800,6869.8798828125,11875234
1772722860,6864.5400390625,11882458
1772722920,6866.02978515625,9827455
1772722980,6860.43994140625,10691500
1772723040,6858.31982421875,9198345
1772723100,6856.4599609375,9920992
1772723160,6854.669921875,8067530
1772723220,6849.2099609375,9889577
1772723280,6845.2998046875,8312669
1772723340,6850.7001953125,9275096
1772723400,6853.0498046875,9138724
1772723460,6846.66015625,12169695
1772723520,6851.4599609375,9071855
1772723580,6855.93994140625,8576286
1772723640,6858.31005859375,8816723
1772723700,6856.43017578125,8533709
1772723760,6848.77001953125,9385948
1772723820,6848.66015625,7341909
1772723880,6847.60986328125,8455426
1772723940,6844.33984375,8147505
1772724000,6841.5,7509266
1772724060,6838.9501953125,7902335
1772724120,6834.06005859375,8605032
1772724180,6833.14990234375,7439002
1772724240,6826.10986328125,9117722
1772724300,6826.08984375,8256574
1772724360,6825.6298828125,9135919
1772724420,6823.3701171875,8228239
1772724480,6819.08984375,8025081
1772724540,6821.91015625,6720338
1772724600,6811.7900390625,11290091
1772724660,6809.39013671875,9197932
1772724720,6811.85986328125,9087357
1772724780,6816.7099609375,8344521
1772724840,6816.830078125,7408824
1772724900,6814.9501953125,7134781
1772724960,6815.990234375,8695357
1772725020,6819.740234375,8043864
1772725080,6822.830078125,7579765
1772725140,6825.490234375,6976084
1772725200,6829.240234375,6987322
1772725260,6829.81005859375,7719909
1772725320,6828.759765625,6769343
1772725380,6824.77001953125,7008838
1772725440,6826.66015625,5757519
1772725500,6829.08984375,6471037
1772725560,6828.7998046875,6251161
1772725620,6831.81982421875,5625028
1772725680,6830.85009765625,6816742
1772725740,6827.72021484375,6867262
1772725800,6835.72021484375,6982943
1772725860,6836.72021484375,6769301
1772725920,6836.56005859375,6860776
1772725980,6838.02001953125,7874486
1772726040,6837.06005859375,6601989
1772726100,6834.83984375,7189783
1772726160,6829.14013671875,8222597
1772726220,6831.89013671875,7221592
1772726280,6832.06982421875,6142127
1772726340,6835.080078125,6954403
1772726400,6836.35009765625,7346675
1772726460,6833.2099609375,6971847
1772726520,6830.35009765625,5935626
1772726580,6827.2099609375,6095733
1772726640,6823.580078125,6051603
1772726700,6824.41015625,7204274
1772726760,6822.330078125,7111739
1772726820,6819.72021484375,6814589
1772726880,6817.33984375,7390237
1772726940,6815.93017578125,6439089
1772727000,6812.0498046875,7484283
1772727060,6807.9599609375,7565901
1772727120,6808.14990234375,6204022
1772727180,6816.0,8782000
1772727240,6812.330078125,7962000
1772727300,6810.35009765625,7113000
1772727360,6808.669921875,6466000
1772727420,6806.990234375,5984000
1772727480,6811.08984375,8773000
1772727540,6807.06005859375,6819000
1772727600,6807.9599609375,6465000
1772727660,6809.7900390625,6405000
1772727720,6816.64990234375,6658000
1772727780,6809.2998046875,7018000
1772727840,6811.27001953125,5571000
1772727900,6813.1298828125,5783000
1772727960,6812.06005859375,6030000
1772728020,6813.66015625,5834000
1772728080,6810.35986328125,7200000
1772728140,6809.419921875,4935000
1772728200,6812.56005859375,7059000
1772728260,6818.35986328125,7271000
1772728320,6819.91015625,6268000
1772728380,6819.7998046875,6934000
1772728440,6815.8701171875,6590000
1772728500,6814.85986328125,6373000
1772728560,6817.330078125,4907000
1772728620,6820.14990234375,5414000
1772728680,6819.43994140625,5195000
1772728740,6820.02001953125,5661000
1772728800,6822.8701171875,5471000
1772728860,6816.43017578125,6767000
1772728920,6814.2001953125,5729000
1772728980,6815.75,4996000
1772729040,6816.16015625,4545000
1772729100,6823.25,5341000
1772729160,6822.52001953125,5922000
1772729220,6824.39013671875,4933000
1772729280,6822.27978515625,4825000
1772729340,6820.919921875,4954000
1772729400,6822.1201171875,4823000
1772729460,6817.60009765625,5331000
1772729520,6819.7998046875,4973000
1772729580,6819.41015625,4602000
1772729640,6822.919921875,5114000
1772729700,6824.43994140625,4640000
1772729760,6824.2900390625,5366000
1772729820,6825.85009765625,4363000
1772729880,6823.39013671875,5051000
1772729940,6824.35009765625,6685000
1772730000,6824.990234375,6484000
1772730060,6826.43017578125,5262000
1772730120,6827.5400390625,4964000
1772730180,6831.669921875,5274000
1772730240,6837.509765625,5938000
1772730300,6836.740234375,5536000
1772730360,6832.919921875,5986000
1772730420,6826.31982421875,6190000
1772730480,6828.89990234375,3943000
1772730540,6824.85986328125,5048000
1772730600,6817.10986328125,7507000
1772730660,6820.10009765625,5466000
1772730720,6823.419921875,5081000
1772730780,6819.3701171875,6797000
1772730840,6819.740234375,4620000
1772730900,6814.509765625,6152000
1772730960,6811.6298828125,6445000
1772731020,6811.14013671875,5485000
1772731080,6809.93017578125,4807000
1772731140,6807.14013671875,4698000
1772731200,6807.6298828125,5645000
1772731260,6804.52001953125,5662000
1772731320,6806.6201171875,7288000
1772731380,6807.47021484375,4890000
1772731440,6808.97998046875,4437000
1772731500,6807.43994140625,5565000
1772731560,6805.97021484375,5527000
1772731620,6805.4599609375,5320000
1772731680,6806.97021484375,5837000
1772731740,6802.419921875,7306000
1772731800,6798.5498046875,6951000
1772731860,6790.10009765625,8806000
1772731920,6788.81982421875,6805000
1772731980,6787.56982421875,6183000
1772732040,6786.66015625,5876000
1772732100,6786.56982421875,6760000
1772732160,6786.47021484375,6356000
1772732220,6797.75,10432000
1772732280,6794.18017578125,6342000
1772732340,6793.5400390625,5684000
1772732400,6796.27001953125,6259000
1772732460,6787.16015625,6834000
1772732520,6785.6298828125,7135000
1772732580,6786.89013671875,7113000
1772732640,6784.89013671875,5440000
1772732700,6783.490234375,6473000
1772732760,6783.419921875,6941000
1772732820,6784.169921875,7463000
1772732880,6781.06982421875,9648000
1772732940,6777.6201171875,8069000
1772733000,6775.1298828125,7067000
1772733060,6780.18017578125,7395000
1772733120,6786.5,7078000
1772733180,6782.35986328125,5629000
1772733240,6777.830078125,6560000
1772733300,6776.02978515625,6297000
1772733360,6777.72021484375,6323000
1772733420,6780.14013671875,5777000
1772733480,6777.7001953125,6548000
1772733540,6778.77978515625,5350000
1772733600,6779.25,7186000
1772733660,6781.93017578125,5642000
1772733720,6779.06982421875,5339000
1772733780,6781.0498046875,4486000
1772733840,6784.77978515625,5446000
1772733900,6786.10986328125,6102000
1772733960,6785.7001953125,6559000
1772734020,6790.9599609375,5588000
1772734080,6790.509765625,6073000
1772734140,6791.66015625,5249000
1772734200,6791.85986328125,5621000
1772734260,6788.56982421875,5581000
1772734320,6791.91015625,4916000
1772734380,6795.02001953125,4887000
1772734440,6794.52978515625,5328000
1772734500,6791.77978515625,5425000
1772734560,6791.14990234375,4334000
1772734620,6789.3701171875,4158000
1772734680,6785.39990234375,6957000
1772734740,6777.89990234375,6138000
1772734800,6780.0400390625,5142000
1772734860,6780.64013671875,5273000
1772734920,6786.0400390625,5447000
1772734980,6784.5400390625,5299000
1772735040,6783.22998046875,5023000
1772735100,6779.35986328125,5435000
1772735160,6775.56005859375,5657000
1772735220,6776.6298828125,5038000
1772735280,6775.330078125,4638000
1772735340,6777.18994140625,4741000
1772735400,6779.43994140625,6645000
1772735460,6779.509765625,5715000
1772735520,6775.18017578125,5468000
1772735580,6777.1201171875,4923000
1772735640,6777.7099609375,4537000
1772735700,6780.8701171875,5172000
1772735760,6777.7998046875,4970000
1772735820,6779.47998046875,5176000
1772735880,6783.06982421875,5169000
1772735940,6781.58984375,4486000
1772736000,6786.759765625,5986000
1772736060,6786.47998046875,5188000
1772736120,6790.97998046875,4667000
1772736180,6788.6201171875,6080000
1772736240,6792.0498046875,5085000
1772736300,6785.5,6352000
1772736360,6788.10986328125,5319000
1772736420,6787.85009765625,4456000
1772736480,6784.52978515625,5416000
1772736540,6783.419921875,4650000
1772736600,6779.669921875,4521000
1772736660,6775.52978515625,4628000
1772736720,6776.3701171875,4265000
1772736780,6777.58984375,4070000
1772736840,6774.85009765625,5435000
1772736900,6776.83984375,4379000
1772736960,6777.39990234375,4580000
1772737020,6780.64013671875,5001000
1772737080,6780.7099609375,5462000
1772737140,6780.2998046875,4213000
1772737200,6782.18017578125,5826000
1772737260,6782.16015625,6118000
1772737320,6784.759765625,5126000
1772737380,6781.3798828125,6018000
1772737440,6781.56982421875,5255000
1772737500,6785.2001953125,5009000
1772737560,6783.64013671875,6592000
1772737620,6784.33984375,5749000
1772737680,6783.72998046875,5848000
1772737740,6783.68994140625,4966000
1772737800,6782.47998046875,5534000
1772737860,6781.72998046875,5090000
1772737920,6783.330078125,5659000
1772737980,6787.3701171875,5630000
1772738040,6787.77978515625,4131000
1772738100,6783.919921875,5503000
1772738160,6782.08984375,5034000
1772738220,6783.68994140625,5562000
1772738280,6784.35986328125,5317000
1772738340,6786.7998046875,5009000
1772738400,6787.22021484375,6245000
1772738460,6787.47021484375,5069000
1772738520,6784.56982421875,4847000
1772738580,6786.5,4565000
1772738640,6785.9501953125,4757000
1772738700,6779.64013671875,7197000
1772738760,6779.93994140625,5711000
1772738820,6778.740234375,4500000
1772738880,6780.2099609375,4765000
1772738940,6781.43994140625,5672000
1772739000,6774.35986328125,6945000
1772739060,6775.47998046875,5334000
1772739120,6772.02978515625,5849000
1772739180,6774.47998046875,4886000
1772739240,6774.41015625,4610000
1772739300,6773.4501953125,4727000
1772739360,6771.93994140625,6139000
1772739420,6773.6298828125,5450000
1772739480,6776.68994140625,5575000
1772739540,6777.06982421875,5313000
1772739600,6778.259765625,5902000
1772739660,6782.18017578125,4755000
1772739720,6783.1201171875,5919000
1772739780,6781.56982421875,5301000
1772739840,6783.56982421875,5415000
1772739900,6783.39990234375,5454000
1772739960,6786.10986328125,5182000
1772740020,6784.72998046875,4784000
1772740080,6787.31982421875,5715000
1772740140,6787.10986328125,5521000
1772740200,6788.85009765625,5404000
1772740260,6786.3798828125,5466000
1772740320,6786.66015625,6439000
1772740380,6786.7998046875,5024000
1772740440,6781.85986328125,5838000
1772740500,6780.77978515625,5772000
1772740560,6782.89013671875,5282000
1772740620,6786.1298828125,5471000
1772740680,6785.72021484375,5162000
1772740740,6784.9599609375,5316000
1772740800,6784.2001953125,6881000
1772740860,6784.5400390625,5311000
1772740920,6784.330078125,5534000
1772740980,6781.22021484375,6075000
1772741040,6793.31005859375,13218000
1772741100,6787.85009765625,7662000
1772741160,6786.72021484375,5870000
1772741220,6786.52978515625,5678000
1772741280,6796.669921875,7713000
1772741340,6796.33984375,6981000
1772741400,6802.66015625,6953000
1772741460,6800.2900390625,8263000
1772741520,6800.740234375,6333000
1772741580,6801.06982421875,6497000
1772741640,6802.02001953125,6524000
1772741700,6799.7900390625,8353000
1772741760,6801.02001953125,6353000
1772741820,6800.93994140625,6560000
1772741880,6807.31982421875,7582000
1772741940,6805.14990234375,6858000
1772742000,6803.31982421875,7782000
1772742060,6807.919921875,7136000
1772742120,6807.60986328125,7563000
1772742180,6811.5498046875,7243000
1772742240,6811.7001953125,7639000
1772742300,6816.31982421875,8758000
1772742360,6816.2998046875,8447000
1772742420,6813.72021484375,8065000
1772742480,6812.02978515625,7808000
1772742540,6808.83984375,9320000
1772742600,6810.10009765625,8757000
1772742660,6812.16015625,9406000
1772742720,6815.259765625,7834000
1772742780,6813.31982421875,6898000
1772742840,6814.0400390625,8213000
1772742900,6816.0400390625,8255000
1772742960,6815.009765625,8287000
1772743020,6817.10009765625,9904000
1772743080,6818.259765625,7742000
1772743140,6814.68994140625,8961000
1772743200,6815.33984375,8060000
1772743260,6813.6298828125,8643000
1772743320,6814.72998046875,0
